{
  "17 Login" : {
    "transaction" : "17 Login",
    "sampleCount" : 50,
    "errorCount" : 0,
    "errorPct" : 0.0,
    "meanResTime" : 132.31999999999994,
    "minResTime" : 115.0,
    "maxResTime" : 231.0,
    "pct1ResTime" : 163.7,
    "pct2ResTime" : 196.54999999999993,
    "pct3ResTime" : 231.0,
    "throughput" : 5.878894767783657,
    "receivedKBytesPerSec" : 107.18648956496178,
    "sentKBytesPerSec" : 7.957175925925926
  },
  "64 Review-1" : {
    "transaction" : "64 Review-1",
    "sampleCount" : 50,
    "errorCount" : 0,
    "errorPct" : 0.0,
    "meanResTime" : 8.260000000000003,
    "minResTime" : 4.0,
    "maxResTime" : 25.0,
    "pct1ResTime" : 17.699999999999996,
    "pct2ResTime" : 22.89999999999999,
    "pct3ResTime" : 25.0,
    "throughput" : 6.021919788028423,
    "receivedKBytesPerSec" : 70.34002205528121,
    "sentKBytesPerSec" : 2.6639938124774174
  },
  "64 Review-0" : {
    "transaction" : "64 Review-0",
    "sampleCount" : 50,
    "errorCount" : 0,
    "errorPct" : 0.0,
    "meanResTime" : 15.959999999999997,
    "minResTime" : 8.0,
    "maxResTime" : 52.0,
    "pct1ResTime" : 46.8,
    "pct2ResTime" : 49.0,
    "pct3ResTime" : 52.0,
    "throughput" : 5.990893841361131,
    "receivedKBytesPerSec" : 71.76786596872753,
    "sentKBytesPerSec" : 6.300969401509705
  },
  "1 Home" : {
    "transaction" : "1 Home",
    "sampleCount" : 50,
    "errorCount" : 0,
    "errorPct" : 0.0,
    "meanResTime" : 412.99999999999994,
    "minResTime" : 257.0,
    "maxResTime" : 1588.0,
    "pct1ResTime" : 877.9999999999998,
    "pct2ResTime" : 1381.499999999999,
    "pct3ResTime" : 1588.0,
    "throughput" : 4.970178926441352,
    "receivedKBytesPerSec" : 7546.455738226889,
    "sentKBytesPerSec" : 23.676301565606362
  },
  "17 Login-1-0" : {
    "transaction" : "17 Login-1-0",
    "sampleCount" : 50,
    "errorCount" : 0,
    "errorPct" : 0.0,
    "meanResTime" : 122.82000000000001,
    "minResTime" : 109.0,
    "maxResTime" : 223.0,
    "pct1ResTime" : 142.7,
    "pct2ResTime" : 177.64999999999984,
    "pct3ResTime" : 223.0,
    "throughput" : 5.8844297987525005,
    "receivedKBytesPerSec" : 1.9882936624691068,
    "sentKBytesPerSec" : 2.856017197246087
  },
  "17 Login-1-1" : {
    "transaction" : "17 Login-1-1",
    "sampleCount" : 50,
    "errorCount" : 0,
    "errorPct" : 0.0,
    "meanResTime" : 6.38,
    "minResTime" : 3.0,
    "maxResTime" : 23.0,
    "pct1ResTime" : 11.0,
    "pct2ResTime" : 20.89999999999999,
    "pct3ResTime" : 23.0,
    "throughput" : 5.973715651135007,
    "receivedKBytesPerSec" : 77.86248319892474,
    "sentKBytesPerSec" : 2.905185931899642
  },
  "50 Book Detail-0" : {
    "transaction" : "50 Book Detail-0",
    "sampleCount" : 50,
    "errorCount" : 0,
    "errorPct" : 0.0,
    "meanResTime" : 9.660000000000002,
    "minResTime" : 4.0,
    "maxResTime" : 38.0,
    "pct1ResTime" : 30.699999999999996,
    "pct2ResTime" : 34.24999999999998,
    "pct3ResTime" : 38.0,
    "throughput" : 5.976571838393498,
    "receivedKBytesPerSec" : 69.8103278896725,
    "sentKBytesPerSec" : 2.6322596671049485
  },
  "64 Review-0-1" : {
    "transaction" : "64 Review-0-1",
    "sampleCount" : 50,
    "errorCount" : 0,
    "errorPct" : 0.0,
    "meanResTime" : 9.260000000000002,
    "minResTime" : 4.0,
    "maxResTime" : 30.0,
    "pct1ResTime" : 27.9,
    "pct2ResTime" : 30.0,
    "pct3ResTime" : 30.0,
    "throughput" : 6.004563468235859,
    "receivedKBytesPerSec" : 70.13728871442297,
    "sentKBytesPerSec" : 2.943643418998439
  },
  "64 Review-0-0" : {
    "transaction" : "64 Review-0-0",
    "sampleCount" : 50,
    "errorCount" : 0,
    "errorPct" : 0.0,
    "meanResTime" : 6.460000000000001,
    "minResTime" : 3.0,
    "maxResTime" : 21.0,
    "pct1ResTime" : 17.9,
    "pct2ResTime" : 20.0,
    "pct3ResTime" : 21.0,
    "throughput" : 5.99592277251469,
    "receivedKBytesPerSec" : 1.7917503597553663,
    "sentKBytesPerSec" : 3.366851166206979
  },
  "1 Home-0-5" : {
    "transaction" : "1 Home-0-5",
    "sampleCount" : 50,
    "errorCount" : 0,
    "errorPct" : 0.0,
    "meanResTime" : 3.6799999999999993,
    "minResTime" : 1.0,
    "maxResTime" : 10.0,
    "pct1ResTime" : 9.0,
    "pct2ResTime" : 10.0,
    "pct3ResTime" : 10.0,
    "throughput" : 5.946010227137591,
    "receivedKBytesPerSec" : 24.32986606611963,
    "sentKBytesPerSec" : 2.1252341241526933
  },
  "1 Home-0-4" : {
    "transaction" : "1 Home-0-4",
    "sampleCount" : 50,
    "errorCount" : 0,
    "errorPct" : 0.0,
    "meanResTime" : 3.2199999999999998,
    "minResTime" : 1.0,
    "maxResTime" : 11.0,
    "pct1ResTime" : 5.0,
    "pct2ResTime" : 8.349999999999987,
    "pct3ResTime" : 11.0,
    "throughput" : 5.943889681407513,
    "receivedKBytesPerSec" : 32.56369249286733,
    "sentKBytesPerSec" : 2.1709128328578218
  },
  "1 Home-0-7" : {
    "transaction" : "1 Home-0-7",
    "sampleCount" : 50,
    "errorCount" : 0,
    "errorPct" : 0.0,
    "meanResTime" : 12.979999999999999,
    "minResTime" : 7.0,
    "maxResTime" : 45.0,
    "pct1ResTime" : 20.9,
    "pct2ResTime" : 24.449999999999996,
    "pct3ResTime" : 45.0,
    "throughput" : 5.9467174119885815,
    "receivedKBytesPerSec" : 2293.5281131065653,
    "sentKBytesPerSec" : 2.1777529584919124
  },
  "1 Home-0-6" : {
    "transaction" : "1 Home-0-6",
    "sampleCount" : 50,
    "errorCount" : 0,
    "errorPct" : 0.0,
    "meanResTime" : 3.020000000000001,
    "minResTime" : 1.0,
    "maxResTime" : 15.0,
    "pct1ResTime" : 5.0,
    "pct2ResTime" : 6.8999999999999915,
    "pct3ResTime" : 15.0,
    "throughput" : 5.952380952380952,
    "receivedKBytesPerSec" : 31.255812872023807,
    "sentKBytesPerSec" : 2.1391369047619047
  },
  "1 Home-0-9" : {
    "transaction" : "1 Home-0-9",
    "sampleCount" : 50,
    "errorCount" : 0,
    "errorPct" : 0.0,
    "meanResTime" : 9.379999999999995,
    "minResTime" : 6.0,
    "maxResTime" : 15.0,
    "pct1ResTime" : 15.0,
    "pct2ResTime" : 15.0,
    "pct3ResTime" : 15.0,
    "throughput" : 5.951672419950006,
    "receivedKBytesPerSec" : 1744.8280896619451,
    "sentKBytesPerSec" : 2.243501517676467
  },
  "1 Home-0-8" : {
    "transaction" : "1 Home-0-8",
    "sampleCount" : 50,
    "errorCount" : 0,
    "errorPct" : 0.0,
    "meanResTime" : 12.819999999999997,
    "minResTime" : 8.0,
    "maxResTime" : 34.0,
    "pct1ResTime" : 20.799999999999997,
    "pct2ResTime" : 26.89999999999999,
    "pct3ResTime" : 34.0,
    "throughput" : 5.947424765076722,
    "receivedKBytesPerSec" : 2433.013643764125,
    "sentKBytesPerSec" : 2.1722039669323183
  },
  "Total" : {
    "transaction" : "Total",
    "sampleCount" : 1100,
    "errorCount" : 0,
    "errorPct" : 0.0,
    "meanResTime" : 50.714545454545515,
    "minResTime" : 1.0,
    "maxResTime" : 1588.0,
    "pct1ResTime" : 146.79999999999995,
    "pct2ResTime" : 265.95000000000005,
    "pct3ResTime" : 697.1000000000008,
    "throughput" : 108.67417506421656,
    "receivedKBytesPerSec" : 15390.330931387078,
    "sentKBytesPerSec" : 73.30007502222881
  },
  "17 Login-0" : {
    "transaction" : "17 Login-0",
    "sampleCount" : 50,
    "errorCount" : 0,
    "errorPct" : 0.0,
    "meanResTime" : 2.7000000000000006,
    "minResTime" : 1.0,
    "maxResTime" : 6.0,
    "pct1ResTime" : 4.0,
    "pct2ResTime" : 4.0,
    "pct3ResTime" : 6.0,
    "throughput" : 5.964451866873434,
    "receivedKBytesPerSec" : 28.98933295061434,
    "sentKBytesPerSec" : 2.2774420702612432
  },
  "1 Home-0-11" : {
    "transaction" : "1 Home-0-11",
    "sampleCount" : 50,
    "errorCount" : 0,
    "errorPct" : 0.0,
    "meanResTime" : 3.5,
    "minResTime" : 2.0,
    "maxResTime" : 7.0,
    "pct1ResTime" : 5.0,
    "pct2ResTime" : 5.449999999999996,
    "pct3ResTime" : 7.0,
    "throughput" : 5.961607249314415,
    "receivedKBytesPerSec" : 446.24726138666983,
    "sentKBytesPerSec" : 2.2064933080958626
  },
  "17 Login-1" : {
    "transaction" : "17 Login-1",
    "sampleCount" : 50,
    "errorCount" : 0,
    "errorPct" : 0.0,